{"cameraMode":{"drawMode":0,"name":"Shaded","section":"Shading Mode"},"sceneLighting":true,"audioPlay":false,"sceneViewState":{"m_AlwaysRefresh":false,"showFog":true,"showSkybox":true,"showFlares":true,"showImageEffects":true,"showParticleSystems":true,"showVisualEffectGraphs":true,"m_FxEnabled":true},"in2DMode":false,"pivot":{"x":-2.1058707237243654,"y":0.15681476891040803,"z":-0.746973991394043},"rotation":{"x":0.00030844195862300694,"y":0.04679371789097786,"z":-0.000028099704650230706,"w":0.9989131689071655},"size":1.9286444187164307,"orthographic":false}